{"cameraMode":{"drawMode":0,"name":"Shaded","section":"Shading Mode"},"sceneLighting":false,"audioPlay":false,"sceneViewState":{"showFog":true,"showMaterialUpdate":false,"showSkybox":false,"showFlares":true,"showImageEffects":true,"showParticleSystems":true},"in2DMode":false,"pivot":{"x":-0.4206418991088867,"y":0.9641455411911011,"z":-0.9307574033737183},"rotation":{"x":-0.0010195195209234954,"y":0.9987205266952515,"z":-0.04528351128101349,"w":-0.022489601746201516},"size":2.526186227798462,"orthographic":false}