{"cameraMode":{"drawMode":0,"name":"Shaded","section":"Shading Mode"},"sceneLighting":false,"audioPlay":false,"sceneViewState":{"showFog":true,"showMaterialUpdate":false,"showSkybox":false,"showFlares":true,"showImageEffects":true,"showParticleSystems":true},"in2DMode":false,"pivot":{"x":-0.1930096447467804,"y":0.5054499506950378,"z":-0.04844987392425537},"rotation":{"x":0.0010387406218796969,"y":0.9978246092796326,"z":0.016155917197465898,"w":-0.0639069676399231},"size":3.081632375717163,"orthographic":false}