{"cameraMode":{"drawMode":0,"name":"Shaded","section":"Shading Mode"},"sceneLighting":true,"audioPlay":false,"sceneViewState":{"showFog":true,"showMaterialUpdate":false,"showSkybox":true,"showFlares":true,"showImageEffects":true,"showParticleSystems":true},"in2DMode":false,"pivot":{"x":1.6799992322921754,"y":0.7721353769302368,"z":-4.238503456115723},"rotation":{"x":-0.1175907626748085,"y":0.7122942805290222,"z":-0.12300366163253784,"w":-0.6809400916099548},"size":4.271148681640625,"orthographic":false}