{"cameraMode":{"drawMode":0,"name":"Shaded","section":"Shading Mode"},"sceneLighting":false,"audioPlay":false,"sceneViewState":{"showFog":false,"showMaterialUpdate":false,"showSkybox":false,"showFlares":false,"showImageEffects":false,"showParticleSystems":false},"in2DMode":false,"pivot":{"x":0.13095243275165559,"y":0.6803519129753113,"z":-0.052721619606018069},"rotation":{"x":0.0003571341803763062,"y":0.9992212653160095,"z":-0.009306525811553002,"w":0.03834349662065506},"size":2.575455904006958,"orthographic":false}