{"cameraMode":{"drawMode":0,"name":"Shaded","section":"Shading Mode"},"sceneLighting":false,"audioPlay":false,"sceneViewState":{"showFog":false,"showMaterialUpdate":false,"showSkybox":false,"showFlares":false,"showImageEffects":false,"showParticleSystems":false},"in2DMode":false,"pivot":{"x":2.1944589614868166,"y":-0.29980361461639407,"z":-2.1323916912078859},"rotation":{"x":0.10265690088272095,"y":0.8788641691207886,"z":-0.21956181526184083,"w":0.41091614961624148},"size":4.246246814727783,"orthographic":false}