{"cameraMode":{"drawMode":0,"name":"Shaded","section":"Shading Mode"},"sceneLighting":false,"audioPlay":false,"sceneViewState":{"showFog":false,"showMaterialUpdate":false,"showSkybox":false,"showFlares":false,"showImageEffects":false,"showParticleSystems":false},"in2DMode":false,"pivot":{"x":-3.6166467666625978,"y":0.24012815952301026,"z":-2.23256254196167},"rotation":{"x":-0.04804172366857529,"y":0.884527325630188,"z":-0.09349849820137024,"w":-0.4544904828071594},"size":5.531085968017578,"orthographic":false}