{"cameraMode":{"drawMode":0,"name":"Shaded","section":"Shading Mode"},"sceneLighting":false,"audioPlay":false,"sceneViewState":{"showFog":false,"showMaterialUpdate":false,"showSkybox":false,"showFlares":false,"showImageEffects":false,"showParticleSystems":false},"in2DMode":false,"pivot":{"x":-0.6444544792175293,"y":0.8532092571258545,"z":-0.20481789112091065},"rotation":{"x":-0.0018277851631864906,"y":0.9941547513008118,"z":-0.10659485310316086,"w":-0.017046913504600526},"size":1.946553111076355,"orthographic":false}