{"cameraMode":{"drawMode":0,"name":"Shaded","section":"Shading Mode"},"sceneLighting":true,"audioPlay":false,"sceneViewState":{"showFog":true,"showMaterialUpdate":false,"showSkybox":true,"showFlares":true,"showImageEffects":true,"showParticleSystems":true},"in2DMode":false,"pivot":{"x":4.263144016265869,"y":0.9896838665008545,"z":3.7172999382019045},"rotation":{"x":-0.1032053753733635,"y":-0.701972246170044,"z":0.10394805669784546,"w":-0.6969780921936035},"size":11.979073524475098,"orthographic":false}