{"cameraMode":{"drawMode":0,"name":"Shaded","section":"Shading Mode"},"sceneLighting":true,"audioPlay":false,"sceneViewState":{"showFog":true,"showMaterialUpdate":false,"showSkybox":true,"showFlares":true,"showImageEffects":true,"showParticleSystems":true},"in2DMode":false,"pivot":{"x":1.1332635879516602,"y":0.19162428379058839,"z":-1.328078031539917},"rotation":{"x":0.0918857529759407,"y":-0.8266350030899048,"z":0.14147859811782838,"w":0.536857008934021},"size":4.806735992431641,"orthographic":false}