{"cameraMode":{"drawMode":0,"name":"Shaded","section":"Shading Mode"},"sceneLighting":false,"audioPlay":false,"sceneViewState":{"showFog":false,"showMaterialUpdate":false,"showSkybox":false,"showFlares":false,"showImageEffects":false,"showParticleSystems":false},"in2DMode":false,"pivot":{"x":0.6066532135009766,"y":1.3953754901885987,"z":-0.22045475244522096},"rotation":{"x":-0.016486164182424547,"y":0.8107260465621948,"z":0.02285737358033657,"w":0.5847470164299011},"size":2.3574886322021486,"orthographic":false}