{"cameraMode":{"drawMode":0,"name":"Shaded","section":"Shading Mode"},"sceneLighting":true,"audioPlay":false,"sceneViewState":{"showFog":true,"showMaterialUpdate":false,"showSkybox":true,"showFlares":true,"showImageEffects":true,"showParticleSystems":true},"in2DMode":false,"pivot":{"x":-0.4916400909423828,"y":0.6686015129089356,"z":-0.2582733631134033},"rotation":{"x":0.166911780834198,"y":-0.49104344844818118,"z":0.10184434801340103,"w":0.8489078283309937},"size":5.299341678619385,"orthographic":false}