{"cameraMode":{"drawMode":0,"name":"Shaded","section":"Shading Mode"},"sceneLighting":false,"audioPlay":false,"sceneViewState":{"showFog":false,"showMaterialUpdate":false,"showSkybox":false,"showFlares":false,"showImageEffects":false,"showParticleSystems":false},"in2DMode":false,"pivot":{"x":0.6131951212882996,"y":0.2580522298812866,"z":0.0754542350769043},"rotation":{"x":0.012417500838637352,"y":0.986612856388092,"z":-0.09083978831768036,"w":0.1348665952682495},"size":4.075455665588379,"orthographic":false}