{"cameraMode":{"drawMode":0,"name":"Shaded","section":"Shading Mode"},"sceneLighting":false,"audioPlay":false,"sceneViewState":{"showFog":true,"showMaterialUpdate":false,"showSkybox":false,"showFlares":true,"showImageEffects":true,"showParticleSystems":true},"in2DMode":false,"pivot":{"x":-0.00009077787399291992,"y":0.7535718679428101,"z":0.020887404680252076},"rotation":{"x":-0.0022075101733207704,"y":0.9965211749076843,"z":0.028099676594138147,"w":0.0784292221069336},"size":3.1244239807128908,"orthographic":false}