{"cameraMode":{"drawMode":0,"name":"Shaded","section":"Shading Mode"},"sceneLighting":true,"audioPlay":false,"sceneViewState":{"showFog":true,"showMaterialUpdate":false,"showSkybox":true,"showFlares":true,"showImageEffects":true,"showParticleSystems":true},"in2DMode":false,"pivot":{"x":2.813206195831299,"y":0.5485683083534241,"z":-0.9818692207336426},"rotation":{"x":0.15656796097755433,"y":0.7174971699714661,"z":-0.17102983593940736,"w":0.656835675239563},"size":2.621955633163452,"orthographic":false}