{"cameraMode":{"drawMode":0,"name":"Shaded","section":"Shading Mode"},"sceneLighting":false,"audioPlay":false,"sceneViewState":{"showFog":false,"showMaterialUpdate":false,"showSkybox":false,"showFlares":false,"showImageEffects":false,"showParticleSystems":false},"in2DMode":false,"pivot":{"x":0.7335467338562012,"y":0.114768385887146,"z":-4.89992618560791},"rotation":{"x":0.0067550321109592918,"y":0.9926789402961731,"z":-0.10041514039039612,"w":0.06678090989589691},"size":6.420464515686035,"orthographic":false}