{"cameraMode":{"drawMode":0,"name":"Shaded","section":"Shading Mode"},"sceneLighting":false,"audioPlay":false,"sceneViewState":{"showFog":true,"showMaterialUpdate":false,"showSkybox":false,"showFlares":true,"showImageEffects":true,"showParticleSystems":true},"in2DMode":false,"pivot":{"x":0.0657881498336792,"y":0.9311348795890808,"z":-1.038271188735962},"rotation":{"x":0.0020541041158139707,"y":0.9911401867866516,"z":-0.13190801441669465,"w":0.015404130332171917},"size":2.035201072692871,"orthographic":false}