{"cameraMode":{"drawMode":0,"name":"Shaded","section":"Shading Mode"},"sceneLighting":true,"audioPlay":false,"sceneViewState":{"showFog":true,"showMaterialUpdate":false,"showSkybox":true,"showFlares":true,"showImageEffects":true,"showParticleSystems":true},"in2DMode":false,"pivot":{"x":-0.4645416736602783,"y":0.12339746952056885,"z":-2.4039902687072756},"rotation":{"x":-0.03368590027093887,"y":0.9339770674705505,"z":-0.10588137805461884,"w":-0.33961930871009829},"size":5.547171115875244,"orthographic":false}