{"cameraMode":{"drawMode":0,"name":"Shaded","section":"Shading Mode"},"sceneLighting":false,"audioPlay":false,"sceneViewState":{"showFog":false,"showMaterialUpdate":false,"showSkybox":false,"showFlares":false,"showImageEffects":false,"showParticleSystems":false},"in2DMode":false,"pivot":{"x":3.725290298461914e-8,"y":1.4268102645874024,"z":0.10928444564342499},"rotation":{"x":-0.016486164182424547,"y":0.8107260465621948,"z":0.02285737358033657,"w":0.5847470164299011},"size":1.6751089096069337,"orthographic":false}