{"cameraMode":{"drawMode":0,"name":"Shaded","section":"Shading Mode"},"sceneLighting":false,"audioPlay":false,"sceneViewState":{"showFog":true,"showMaterialUpdate":false,"showSkybox":false,"showFlares":true,"showImageEffects":true,"showParticleSystems":true},"in2DMode":false,"pivot":{"x":-0.020887412130832673,"y":0.7476997375488281,"z":-0.00009077787399291992},"rotation":{"x":0.03964287415146828,"y":-0.659358561038971,"z":0.03485295549035072,"w":0.7499733567237854},"size":3.1074678897857668,"orthographic":false}