{"cameraMode":{"drawMode":0,"name":"Shaded","section":"Shading Mode"},"sceneLighting":true,"audioPlay":false,"sceneViewState":{"showFog":true,"showMaterialUpdate":false,"showSkybox":true,"showFlares":true,"showImageEffects":true,"showParticleSystems":true},"in2DMode":false,"pivot":{"x":-0.8126792907714844,"y":-1.7864017486572266,"z":0.3139248490333557},"rotation":{"x":-0.23685453832149507,"y":0.624234139919281,"z":-0.20673272013664246,"w":-0.715187668800354},"size":10.0,"orthographic":false}