{"cameraMode":{"drawMode":0,"name":"Shaded","section":"Shading Mode"},"sceneLighting":true,"audioPlay":false,"sceneViewState":{"showFog":true,"showMaterialUpdate":false,"showSkybox":false,"showFlares":true,"showImageEffects":true,"showParticleSystems":true},"in2DMode":false,"pivot":{"x":-0.22608870267868043,"y":1.2072559595108033,"z":-2.8090479373931886},"rotation":{"x":-0.08883228152990341,"y":-0.6997730731964111,"z":0.0884920060634613,"w":-0.7032750248908997},"size":0.3333483338356018,"orthographic":false}