{"cameraMode":{"drawMode":0,"name":"Shaded","section":"Shading Mode"},"sceneLighting":true,"audioPlay":false,"sceneViewState":{"showFog":true,"showMaterialUpdate":false,"showSkybox":false,"showFlares":true,"showImageEffects":true,"showParticleSystems":true},"in2DMode":false,"pivot":{"x":0.0,"y":1.2089999914169312,"z":0.7879999876022339},"rotation":{"x":0.2516796588897705,"y":0.30816584825515749,"z":-0.08480815589427948,"w":0.9135090708732605},"size":3.3000569343566896,"orthographic":false}