{"cameraMode":{"drawMode":0,"name":"Shaded","section":"Shading Mode"},"sceneLighting":true,"audioPlay":false,"sceneViewState":{"showFog":true,"showMaterialUpdate":false,"showSkybox":false,"showFlares":true,"showImageEffects":true,"showParticleSystems":true},"in2DMode":false,"pivot":{"x":0.09102344512939453,"y":2.4116663932800295,"z":-4.351815700531006},"rotation":{"x":-0.08883228152990341,"y":-0.6997730731964111,"z":0.0884920060634613,"w":-0.7032750248908997},"size":4.2333478927612309,"orthographic":false}