{"cameraMode":{"drawMode":0,"name":"Shaded","section":"Shading Mode"},"sceneLighting":false,"audioPlay":false,"sceneViewState":{"showFog":true,"showMaterialUpdate":false,"showSkybox":true,"showFlares":true,"showImageEffects":true,"showParticleSystems":true},"in2DMode":false,"pivot":{"x":9.525066375732422,"y":2.1404995918273927,"z":-4.648243427276611},"rotation":{"x":0.05672350898385048,"y":0.9321721792221069,"z":-0.16701313853263856,"w":0.31613948941230776},"size":4.277691841125488,"orthographic":false}