{"cameraMode":{"drawMode":0,"name":"Shaded","section":"Shading Mode"},"sceneLighting":true,"audioPlay":false,"sceneViewState":{"showFog":true,"showMaterialUpdate":false,"showSkybox":true,"showFlares":true,"showImageEffects":true,"showParticleSystems":true},"in2DMode":false,"pivot":{"x":-0.20753213763237,"y":0.8206530809402466,"z":0.20744192600250245},"rotation":{"x":0.023982523009181024,"y":-0.9760370254516602,"z":0.15772080421447755,"w":0.14798884093761445},"size":1.5000572204589844,"orthographic":false}