{"cameraMode":{"drawMode":0,"name":"Shaded","section":"Shading Mode"},"sceneLighting":true,"audioPlay":false,"sceneViewState":{"showFog":true,"showMaterialUpdate":false,"showSkybox":false,"showFlares":true,"showImageEffects":true,"showParticleSystems":true},"in2DMode":false,"pivot":{"x":0.26288092136383059,"y":1.4268770217895508,"z":-1.2478783130645753},"rotation":{"x":-0.07517942041158676,"y":0.5874411463737488,"z":-0.05504235252737999,"w":-0.8038851618766785},"size":0.5969353914260864,"orthographic":false}