{"cameraMode":{"drawMode":0,"name":"Shaded","section":"Shading Mode"},"sceneLighting":true,"audioPlay":false,"sceneViewState":{"showFog":true,"showMaterialUpdate":false,"showSkybox":false,"showFlares":true,"showImageEffects":true,"showParticleSystems":true},"in2DMode":false,"pivot":{"x":-1.498797059059143,"y":0.9032794237136841,"z":6.844923973083496},"rotation":{"x":-0.01979910396039486,"y":-0.03641020134091377,"z":0.0006371381459757686,"w":-0.9991406202316284},"size":4.3460612297058109,"orthographic":false}