{"cameraMode":{"drawMode":0,"name":"Shaded","section":"Shading Mode"},"sceneLighting":true,"audioPlay":false,"sceneViewState":{"showFog":true,"showMaterialUpdate":false,"showSkybox":false,"showFlares":true,"showImageEffects":true,"showParticleSystems":true},"in2DMode":false,"pivot":{"x":-1.4733864068984986,"y":0.9380364418029785,"z":-0.9465752243995667},"rotation":{"x":-0.07517942041158676,"y":0.5874411463737488,"z":-0.05504235252737999,"w":-0.8038851618766785},"size":1.5030646324157715,"orthographic":false}