{"cameraMode":{"drawMode":0,"name":"Shaded","section":"Shading Mode"},"sceneLighting":false,"audioPlay":false,"sceneViewState":{"showFog":true,"showMaterialUpdate":false,"showSkybox":false,"showFlares":true,"showImageEffects":true,"showParticleSystems":true},"in2DMode":false,"pivot":{"x":-0.1245785653591156,"y":0.8555724024772644,"z":-4.336899280548096},"rotation":{"x":0.061668362468481067,"y":-0.05008149519562721,"z":-0.0030219105537980797,"w":-0.9968348741531372},"size":0.5824636220932007,"orthographic":false}