{"cameraMode":{"drawMode":0,"name":"Shaded","section":"Shading Mode"},"sceneLighting":true,"audioPlay":false,"sceneViewState":{"showFog":true,"showMaterialUpdate":false,"showSkybox":false,"showFlares":true,"showImageEffects":true,"showParticleSystems":true},"in2DMode":false,"pivot":{"x":0.0,"y":1.2089999914169312,"z":0.7879999876022339},"rotation":{"x":0.14305424690246583,"y":0.5571799278259277,"z":-0.09804575145244599,"w":0.8120794892311096},"size":3.3000569343566896,"orthographic":false}