{"cameraMode":{"drawMode":0,"name":"Shaded","section":"Shading Mode"},"sceneLighting":true,"audioPlay":false,"sceneViewState":{"showFog":true,"showMaterialUpdate":false,"showSkybox":false,"showFlares":true,"showImageEffects":true,"showParticleSystems":true},"in2DMode":false,"pivot":{"x":0.0031032562255859377,"y":0.9787426590919495,"z":0.7642614841461182},"rotation":{"x":-0.24497558176517487,"y":-0.4194698929786682,"z":0.11874565482139588,"w":-0.8659858107566834},"size":4.117567539215088,"orthographic":false}