{"cameraMode":{"drawMode":0,"name":"Shaded","section":"Shading Mode"},"sceneLighting":true,"audioPlay":false,"sceneViewState":{"showFog":true,"showMaterialUpdate":false,"showSkybox":true,"showFlares":true,"showImageEffects":true,"showParticleSystems":true},"in2DMode":false,"pivot":{"x":0.05226403474807739,"y":1.401087999343872,"z":0.8421764373779297},"rotation":{"x":0.11760000884532929,"y":-0.6895811557769775,"z":0.11510678380727768,"w":0.7052648663520813},"size":3.0760302543640138,"orthographic":false}