{"cameraMode":{"drawMode":0,"name":"Shaded","section":"Shading Mode"},"sceneLighting":true,"audioPlay":false,"sceneViewState":{"showFog":true,"showMaterialUpdate":false,"showSkybox":false,"showFlares":true,"showImageEffects":true,"showParticleSystems":true},"in2DMode":false,"pivot":{"x":-1.9186137914657593,"y":1.9953711032867432,"z":1.2072269916534424},"rotation":{"x":-0.01979910396039486,"y":-0.03641020134091377,"z":0.0006371381459757686,"w":-0.9991406202316284},"size":3.76586651802063,"orthographic":false}