{"cameraMode":{"drawMode":0,"name":"Shaded","section":"Shading Mode"},"sceneLighting":false,"audioPlay":false,"sceneViewState":{"showFog":true,"showMaterialUpdate":false,"showSkybox":false,"showFlares":true,"showImageEffects":true,"showParticleSystems":true},"in2DMode":false,"pivot":{"x":0.7993640899658203,"y":0.9996709823608398,"z":3.6323485374450685},"rotation":{"x":0.19930651783943177,"y":0.5833358764648438,"z":-0.15032625198364259,"w":0.7729153037071228},"size":14.582419395446778,"orthographic":false}