{"cameraMode":{"drawMode":0,"name":"Shaded","section":"Shading Mode"},"sceneLighting":true,"audioPlay":false,"sceneViewState":{"showFog":true,"showMaterialUpdate":false,"showSkybox":false,"showFlares":true,"showImageEffects":true,"showParticleSystems":true},"in2DMode":false,"pivot":{"x":-0.8999999761581421,"y":0.8659999966621399,"z":1.597000002861023},"rotation":{"x":-0.2245924025774002,"y":-0.4125645160675049,"z":0.10562256723642349,"w":-0.8764659762382507},"size":6.16011381149292,"orthographic":false}