{"cameraMode":{"drawMode":0,"name":"Shaded","section":"Shading Mode"},"sceneLighting":true,"audioPlay":false,"sceneViewState":{"showFog":true,"showMaterialUpdate":false,"showSkybox":true,"showFlares":true,"showImageEffects":true,"showParticleSystems":true},"in2DMode":false,"pivot":{"x":-0.41572320461273196,"y":1.249687671661377,"z":0.5028658509254456},"rotation":{"x":0.12588657438755036,"y":-0.6951553225517273,"z":0.12564417719841004,"w":0.6965093612670898},"size":1.5776920318603516,"orthographic":false}