{"cameraMode":{"drawMode":0,"name":"Shaded","section":"Shading Mode"},"sceneLighting":false,"audioPlay":false,"sceneViewState":{"showFog":true,"showMaterialUpdate":false,"showSkybox":false,"showFlares":true,"showImageEffects":true,"showParticleSystems":true},"in2DMode":false,"pivot":{"x":-0.05526178702712059,"y":1.370769739151001,"z":0.8132410049438477},"rotation":{"x":0.17458929121494294,"y":0.7089606523513794,"z":-0.18845397233963014,"w":0.6567941308021545},"size":2.065248966217041,"orthographic":false}