{"cameraMode":{"drawMode":0,"name":"Shaded","section":"Shading Mode"},"sceneLighting":true,"audioPlay":false,"sceneViewState":{"showFog":true,"showMaterialUpdate":false,"showSkybox":false,"showFlares":true,"showImageEffects":true,"showParticleSystems":true},"in2DMode":false,"pivot":{"x":1451.4124755859375,"y":-489.9673767089844,"z":14.220096588134766},"rotation":{"x":-0.18160976469516755,"y":-0.29674166440963747,"z":0.05766826122999191,"w":-0.9357545971870422},"size":8.070030212402344,"orthographic":false}