{"cameraMode":{"drawMode":0,"name":"Shaded","section":"Shading Mode"},"sceneLighting":true,"audioPlay":false,"sceneViewState":{"showFog":true,"showMaterialUpdate":false,"showSkybox":false,"showFlares":true,"showImageEffects":true,"showParticleSystems":true},"in2DMode":false,"pivot":{"x":-10.093926429748536,"y":0.5528542995452881,"z":4.698758125305176},"rotation":{"x":-0.07500241696834564,"y":-0.2117289900779724,"z":0.016213852912187578,"w":-0.9743114113807678},"size":17.672760009765626,"orthographic":false}