{"cameraMode":{"drawMode":0,"name":"Shaded","section":"Shading Mode"},"sceneLighting":true,"audioPlay":false,"sceneViewState":{"showFog":true,"showMaterialUpdate":false,"showSkybox":false,"showFlares":true,"showImageEffects":true,"showParticleSystems":true},"in2DMode":false,"pivot":{"x":1.8094255924224854,"y":1.0944788455963135,"z":3.2802681922912599},"rotation":{"x":-0.07384853810071945,"y":0.8623533844947815,"z":-0.13197092711925507,"w":-0.4831944406032562},"size":3.8529715538024904,"orthographic":false}