{"cameraMode":{"drawMode":0,"name":"Shaded","section":"Shading Mode"},"sceneLighting":true,"audioPlay":false,"sceneViewState":{"showFog":true,"showMaterialUpdate":false,"showSkybox":true,"showFlares":true,"showImageEffects":true,"showParticleSystems":true},"in2DMode":false,"pivot":{"x":-0.8835384845733643,"y":0.991401195526123,"z":1.8742706775665284},"rotation":{"x":0.19052748382091523,"y":-0.07732360064983368,"z":0.015134147368371487,"w":0.9785148501396179},"size":3.977691888809204,"orthographic":false}