{"cameraMode":{"drawMode":0,"name":"Shaded","section":"Shading Mode"},"sceneLighting":true,"audioPlay":false,"sceneViewState":{"showFog":true,"showMaterialUpdate":false,"showSkybox":false,"showFlares":true,"showImageEffects":true,"showParticleSystems":true},"in2DMode":false,"pivot":{"x":0.0,"y":0.8994011282920837,"z":0.10641074180603028},"rotation":{"x":-0.07441743463277817,"y":0.6988890767097473,"z":-0.0734032541513443,"w":-0.7075507044792175},"size":3.977691650390625,"orthographic":false}