{"cameraMode":{"drawMode":0,"name":"Shaded","section":"Shading Mode"},"sceneLighting":false,"audioPlay":false,"sceneViewState":{"showFog":true,"showMaterialUpdate":false,"showSkybox":false,"showFlares":true,"showImageEffects":true,"showParticleSystems":true},"in2DMode":false,"pivot":{"x":0.920861542224884,"y":2.594611644744873,"z":0.6748871803283691},"rotation":{"x":0.1678735464811325,"y":0.15097399055957795,"z":-0.026098571717739106,"w":0.9738296866416931},"size":4.547010898590088,"orthographic":false}