{"cameraMode":{"drawMode":0,"name":"Shaded","section":"Shading Mode"},"sceneLighting":true,"audioPlay":false,"sceneViewState":{"showFog":true,"showMaterialUpdate":false,"showSkybox":true,"showFlares":true,"showImageEffects":true,"showParticleSystems":true},"in2DMode":false,"pivot":{"x":-0.34493309259414675,"y":1.1740361452102662,"z":2.760010242462158},"rotation":{"x":0.008043451234698296,"y":0.9676344394683838,"z":-0.030771197751164438,"w":0.2503439784049988},"size":0.6820758581161499,"orthographic":false}