{"cameraMode":{"drawMode":0,"name":"Shaded","section":"Shading Mode"},"sceneLighting":true,"audioPlay":false,"sceneViewState":{"showFog":true,"showMaterialUpdate":false,"showSkybox":true,"showFlares":true,"showImageEffects":true,"showParticleSystems":true},"in2DMode":false,"pivot":{"x":-3.9981625080108644,"y":1.3532423973083497,"z":1.8451783657073975},"rotation":{"x":0.18365082144737245,"y":0.7579625248908997,"z":-0.2409667670726776,"w":0.5776679515838623},"size":5.777691841125488,"orthographic":false}