{"cameraMode":{"drawMode":0,"name":"Shaded","section":"Shading Mode"},"sceneLighting":true,"audioPlay":false,"sceneViewState":{"showFog":true,"showMaterialUpdate":false,"showSkybox":false,"showFlares":true,"showImageEffects":true,"showParticleSystems":true},"in2DMode":false,"pivot":{"x":1.7990000247955323,"y":0.9549999833106995,"z":3.38100004196167},"rotation":{"x":-0.17924056947231294,"y":0.7953802347183228,"z":-0.2821287214756012,"w":-0.5056149959564209},"size":2.029097557067871,"orthographic":false}