{"cameraMode":{"drawMode":0,"name":"Shaded","section":"Shading Mode"},"sceneLighting":false,"audioPlay":false,"sceneViewState":{"showFog":true,"showMaterialUpdate":false,"showSkybox":false,"showFlares":true,"showImageEffects":true,"showParticleSystems":true},"in2DMode":false,"pivot":{"x":0.3884022831916809,"y":9.685754776000977e-8,"z":2.9802322387695315e-8},"rotation":{"x":-0.10899978876113892,"y":-0.005228755529969931,"z":0.0006468210485763848,"w":-0.994027853012085},"size":1.661684274673462,"orthographic":false}