{"cameraMode":{"drawMode":0,"name":"Shaded","section":"Shading Mode"},"sceneLighting":true,"audioPlay":false,"sceneViewState":{"showFog":true,"showMaterialUpdate":false,"showSkybox":false,"showFlares":true,"showImageEffects":true,"showParticleSystems":true},"in2DMode":false,"pivot":{"x":2.038140058517456,"y":1.0581490993499756,"z":2.7396552562713625},"rotation":{"x":-0.07384853810071945,"y":0.8623533844947815,"z":-0.13197092711925507,"w":-0.4831944406032562},"size":3.047027826309204,"orthographic":false}