{"cameraMode":{"drawMode":0,"name":"Shaded","section":"Shading Mode"},"sceneLighting":true,"audioPlay":false,"sceneViewState":{"showFog":true,"showMaterialUpdate":false,"showSkybox":false,"showFlares":true,"showImageEffects":true,"showParticleSystems":true},"in2DMode":false,"pivot":{"x":1.7127150297164918,"y":0.33334797620773318,"z":-2.7143678665161135},"rotation":{"x":0.12951470911502839,"y":0.7409253120422363,"z":-0.1496380716562271,"w":0.641766369342804},"size":1.6533045768737794,"orthographic":false}