{"cameraMode":{"drawMode":0,"name":"Shaded","section":"Shading Mode"},"sceneLighting":true,"audioPlay":false,"sceneViewState":{"showFog":true,"showMaterialUpdate":false,"showSkybox":false,"showFlares":true,"showImageEffects":true,"showParticleSystems":true},"in2DMode":false,"pivot":{"x":1450.0211181640625,"y":-489.9568176269531,"z":15.174298286437989},"rotation":{"x":0.009976731613278389,"y":-0.38533809781074526,"z":-0.004088256042450666,"w":-0.9227124452590942},"size":0.24738603830337525,"orthographic":false}