{"cameraMode":{"drawMode":0,"name":"Shaded","section":"Shading Mode"},"sceneLighting":false,"audioPlay":false,"sceneViewState":{"showFog":true,"showMaterialUpdate":false,"showSkybox":false,"showFlares":true,"showImageEffects":true,"showParticleSystems":true},"in2DMode":false,"pivot":{"x":-0.14687347412109376,"y":-0.620721697807312,"z":0.26355409622192385},"rotation":{"x":-0.17761605978012086,"y":-0.11035571992397309,"z":0.020121563225984575,"w":-0.9776856899261475},"size":5.907907485961914,"orthographic":false}