{"cameraMode":{"drawMode":0,"name":"Shaded","section":"Shading Mode"},"sceneLighting":true,"audioPlay":false,"sceneViewState":{"showFog":true,"showMaterialUpdate":false,"showSkybox":true,"showFlares":true,"showImageEffects":true,"showParticleSystems":true},"in2DMode":false,"pivot":{"x":9.803058624267579,"y":2.3490729331970217,"z":-9.19764518737793},"rotation":{"x":0.10327044129371643,"y":0.8075612783432007,"z":-0.14841708540916444,"w":0.5613844394683838},"size":5.682464599609375,"orthographic":false}