{"cameraMode":{"drawMode":0,"name":"Shaded","section":"Shading Mode"},"sceneLighting":false,"audioPlay":false,"sceneViewState":{"showFog":true,"showMaterialUpdate":false,"showSkybox":false,"showFlares":true,"showImageEffects":true,"showParticleSystems":true},"in2DMode":false,"pivot":{"x":-2.8589999675750734,"y":1.2269999980926514,"z":4.300000190734863},"rotation":{"x":-0.06394605338573456,"y":-0.9239689111709595,"z":0.17793135344982148,"w":-0.3324648141860962},"size":3.282463312149048,"orthographic":false}