{"cameraMode":{"drawMode":0,"name":"Shaded","section":"Shading Mode"},"sceneLighting":true,"audioPlay":false,"sceneViewState":{"showFog":true,"showMaterialUpdate":false,"showSkybox":false,"showFlares":true,"showImageEffects":true,"showParticleSystems":true},"in2DMode":false,"pivot":{"x":-1.517951488494873,"y":-1.739943504333496,"z":-3.601593017578125},"rotation":{"x":-0.28972241282463076,"y":0.4365493059158325,"z":-0.150788813829422,"w":-0.838300883769989},"size":14.239533424377442,"orthographic":false}