{"cameraMode":{"drawMode":0,"name":"Shaded","section":"Shading Mode"},"sceneLighting":false,"audioPlay":false,"sceneViewState":{"showFog":true,"showMaterialUpdate":false,"showSkybox":false,"showFlares":true,"showImageEffects":true,"showParticleSystems":true},"in2DMode":false,"pivot":{"x":-0.1008215844631195,"y":0.12799999117851258,"z":0.649749755859375},"rotation":{"x":-0.17740069329738618,"y":-0.5115654468536377,"z":0.10894812643527985,"w":-0.8336427211761475},"size":2.1000583171844484,"orthographic":false}