{"cameraMode":{"drawMode":0,"name":"Shaded","section":"Shading Mode"},"sceneLighting":true,"audioPlay":false,"sceneViewState":{"showFog":true,"showMaterialUpdate":false,"showSkybox":true,"showFlares":true,"showImageEffects":true,"showParticleSystems":true},"in2DMode":false,"pivot":{"x":-0.9882102012634277,"y":0.09906697273254395,"z":1.8474845886230469},"rotation":{"x":0.1624637097120285,"y":0.4596962630748749,"z":-0.08586861938238144,"w":0.8688564896583557},"size":3.6605982780456545,"orthographic":false}