{"cameraMode":{"drawMode":0,"name":"Shaded","section":"Shading Mode"},"sceneLighting":false,"audioPlay":false,"sceneViewState":{"showFog":true,"showMaterialUpdate":false,"showSkybox":false,"showFlares":true,"showImageEffects":true,"showParticleSystems":true},"in2DMode":false,"pivot":{"x":-2.8161816596984865,"y":0.18926866352558137,"z":4.285239219665527},"rotation":{"x":0.011304100044071675,"y":-0.8860080242156982,"z":-0.021487507969141008,"w":-0.4630338251590729},"size":2.5011279582977297,"orthographic":false}