{"cameraMode":{"drawMode":0,"name":"Shaded","section":"Shading Mode"},"sceneLighting":true,"audioPlay":false,"sceneViewState":{"showFog":true,"showMaterialUpdate":false,"showSkybox":false,"showFlares":true,"showImageEffects":true,"showParticleSystems":true},"in2DMode":false,"pivot":{"x":-3.561389207839966,"y":0.4133613109588623,"z":6.685399532318115},"rotation":{"x":-0.17848598957061768,"y":-0.3855718970298767,"z":0.07619959861040116,"w":-0.9020370244979858},"size":1.3460614681243897,"orthographic":false}