{"cameraMode":{"drawMode":0,"name":"Shaded","section":"Shading Mode"},"sceneLighting":false,"audioPlay":false,"sceneViewState":{"showFog":true,"showMaterialUpdate":false,"showSkybox":false,"showFlares":true,"showImageEffects":true,"showParticleSystems":true},"in2DMode":false,"pivot":{"x":-3.4036929607391359,"y":0.1546858549118042,"z":2.437333106994629},"rotation":{"x":-0.1386820375919342,"y":-0.49383851885795596,"z":0.08003222942352295,"w":-0.8546845316886902},"size":2.37766695022583,"orthographic":false}