{"cameraMode":{"drawMode":0,"name":"Shaded","section":"Shading Mode"},"sceneLighting":true,"audioPlay":false,"sceneViewState":{"showFog":true,"showMaterialUpdate":false,"showSkybox":false,"showFlares":true,"showImageEffects":true,"showParticleSystems":true},"in2DMode":false,"pivot":{"x":0.006999969482421875,"y":0.9799995422363281,"z":0.8700003623962402},"rotation":{"x":0.0010268836049363018,"y":0.4935706853866577,"z":-0.000657910481095314,"w":0.8697049021720886},"size":10.935115814208985,"orthographic":false}