{"cameraMode":{"drawMode":0,"name":"Shaded","section":"Shading Mode"},"sceneLighting":true,"audioPlay":false,"sceneViewState":{"showFog":true,"showMaterialUpdate":false,"showSkybox":false,"showFlares":true,"showImageEffects":true,"showParticleSystems":true},"in2DMode":false,"pivot":{"x":0.6349258422851563,"y":0.3932987451553345,"z":2.2356481552124025},"rotation":{"x":-0.07517942041158676,"y":0.5874411463737488,"z":-0.05504235252737999,"w":-0.8038851618766785},"size":7.210561275482178,"orthographic":false}