{"cameraMode":{"drawMode":0,"name":"Shaded","section":"Shading Mode"},"sceneLighting":true,"audioPlay":false,"sceneViewState":{"showFog":true,"showMaterialUpdate":false,"showSkybox":false,"showFlares":true,"showImageEffects":true,"showParticleSystems":true},"in2DMode":false,"pivot":{"x":0.23577117919921876,"y":0.75,"z":1.5199999809265137},"rotation":{"x":-0.13527372479438783,"y":0.5506026148796082,"z":-0.09108085930347443,"w":-0.8186832070350647},"size":0.6514418125152588,"orthographic":false}