{"cameraMode":{"drawMode":0,"name":"Shaded","section":"Shading Mode"},"sceneLighting":false,"audioPlay":false,"sceneViewState":{"showFog":true,"showMaterialUpdate":false,"showSkybox":false,"showFlares":true,"showImageEffects":true,"showParticleSystems":true},"in2DMode":false,"pivot":{"x":0.04433342069387436,"y":-0.34512996673583987,"z":-0.3019390106201172},"rotation":{"x":-0.17740069329738618,"y":-0.5115654468536377,"z":0.10894812643527985,"w":-0.8336427211761475},"size":9.217769622802735,"orthographic":false}