{"cameraMode":{"drawMode":0,"name":"Shaded","section":"Shading Mode"},"sceneLighting":false,"audioPlay":false,"sceneViewState":{"showFog":true,"showMaterialUpdate":false,"showSkybox":false,"showFlares":true,"showImageEffects":true,"showParticleSystems":true},"in2DMode":false,"pivot":{"x":0.9583323001861572,"y":0.0476078987121582,"z":3.0087392330169679},"rotation":{"x":0.006426220294088125,"y":0.9913710951805115,"z":-0.11926018446683884,"w":0.05402838811278343},"size":7.636057376861572,"orthographic":false}