{"cameraMode":{"drawMode":0,"name":"Shaded","section":"Shading Mode"},"sceneLighting":true,"audioPlay":false,"sceneViewState":{"showFog":true,"showMaterialUpdate":false,"showSkybox":true,"showFlares":true,"showImageEffects":true,"showParticleSystems":true},"in2DMode":false,"pivot":{"x":18.953567504882814,"y":-42.966033935546878,"z":62.40370178222656},"rotation":{"x":-0.16093432903289796,"y":0.712133526802063,"z":-0.1733708679676056,"w":-0.6610289812088013},"size":120.39350128173828,"orthographic":false}