{"cameraMode":{"drawMode":0,"name":"Shaded","section":"Shading Mode"},"sceneLighting":true,"audioPlay":false,"sceneViewState":{"showFog":true,"showMaterialUpdate":false,"showSkybox":false,"showFlares":true,"showImageEffects":true,"showParticleSystems":true},"in2DMode":false,"pivot":{"x":0.9475154876708984,"y":2.354565143585205,"z":1.860581874847412},"rotation":{"x":-0.32698965072631838,"y":0.031608473509550098,"z":-0.010926772840321064,"w":-0.9444360136985779},"size":101.45487976074219,"orthographic":false}