{"cameraMode":{"drawMode":0,"name":"Shaded","section":"Shading Mode"},"sceneLighting":true,"audioPlay":false,"sceneViewState":{"showFog":true,"showMaterialUpdate":false,"showSkybox":true,"showFlares":true,"showImageEffects":true,"showParticleSystems":true},"in2DMode":false,"pivot":{"x":4.268370628356934,"y":0.14411115646362306,"z":1.9972827434539796},"rotation":{"x":-0.09573503583669663,"y":0.04925182834267616,"z":-0.0047429208643734459,"w":-0.9941763877868652},"size":3.4080793857574465,"orthographic":true}