{"cameraMode":{"drawMode":0,"name":"Shaded","section":"Shading Mode"},"sceneLighting":true,"audioPlay":false,"sceneViewState":{"showFog":true,"showMaterialUpdate":false,"showSkybox":true,"showFlares":true,"showImageEffects":true,"showParticleSystems":true},"in2DMode":false,"pivot":{"x":8.798004150390625,"y":-4.21776008605957,"z":16.60997200012207},"rotation":{"x":-0.1506519913673401,"y":-0.1617448627948761,"z":0.02499348483979702,"w":-0.9749550223350525},"size":10.684331893920899,"orthographic":false}