{"cameraMode":{"drawMode":0,"name":"Shaded","section":"Shading Mode"},"sceneLighting":true,"audioPlay":false,"sceneViewState":{"showFog":true,"showMaterialUpdate":false,"showSkybox":true,"showFlares":true,"showImageEffects":true,"showParticleSystems":true},"in2DMode":false,"pivot":{"x":7.898997783660889,"y":0.2819945812225342,"z":1.6319246292114258},"rotation":{"x":-0.24624119699001313,"y":-0.7528864741325378,"z":0.4096461832523346,"w":-0.4525344669818878},"size":3.900017023086548,"orthographic":false}