{"cameraMode":{"drawMode":0,"name":"Shaded","section":"Shading Mode"},"sceneLighting":true,"audioPlay":false,"sceneViewState":{"showFog":true,"showMaterialUpdate":false,"showSkybox":true,"showFlares":true,"showImageEffects":true,"showParticleSystems":true},"in2DMode":false,"pivot":{"x":9.9146089553833,"y":1.7315068244934083,"z":1.4613068103790284},"rotation":{"x":0.12290050089359284,"y":0.6914717555046082,"z":-0.12110914289951325,"w":0.7015810608863831},"size":4.161552429199219,"orthographic":false}