{"cameraMode":{"drawMode":0,"name":"Shaded","section":"Shading Mode"},"sceneLighting":true,"audioPlay":false,"sceneViewState":{"showFog":true,"showMaterialUpdate":false,"showSkybox":false,"showFlares":true,"showImageEffects":true,"showParticleSystems":true},"in2DMode":false,"pivot":{"x":-2.0277509689331056,"y":0.4699999988079071,"z":-6.837712287902832},"rotation":{"x":0.10146493464708328,"y":0.5459997057914734,"z":-0.06685232371091843,"w":0.8289270401000977},"size":6.000058174133301,"orthographic":false}