{"cameraMode":{"drawMode":1,"name":"Wireframe","section":"Shading Mode"},"sceneLighting":false,"audioPlay":false,"sceneViewState":{"showFog":true,"showMaterialUpdate":false,"showSkybox":false,"showFlares":true,"showImageEffects":true,"showParticleSystems":true},"in2DMode":false,"pivot":{"x":3.8428030014038088,"y":1.587304949760437,"z":-0.10082234442234039},"rotation":{"x":-0.2067059427499771,"y":-0.6475991010665894,"z":0.18889427185058595,"w":-0.708665668964386},"size":1.1650773286819459,"orthographic":false}