{"cameraMode":{"drawMode":0,"name":"Shaded","section":"Shading Mode"},"sceneLighting":true,"audioPlay":false,"sceneViewState":{"showFog":true,"showMaterialUpdate":false,"showSkybox":true,"showFlares":true,"showImageEffects":true,"showParticleSystems":true},"in2DMode":false,"pivot":{"x":9.279035568237305,"y":2.566225051879883,"z":-11.511547088623047},"rotation":{"x":0.039875712245702746,"y":-0.9481185078620911,"z":0.13197660446166993,"w":0.28646695613861086},"size":3.4496748447418215,"orthographic":false}