{"cameraMode":{"drawMode":0,"name":"Shaded","section":"Shading Mode"},"sceneLighting":false,"audioPlay":false,"sceneViewState":{"showFog":true,"showMaterialUpdate":false,"showSkybox":false,"showFlares":true,"showImageEffects":true,"showParticleSystems":true},"in2DMode":false,"pivot":{"x":0.0,"y":0.546999990940094,"z":-5.960464477539063e-8},"rotation":{"x":-0.6001412272453308,"y":-0.05257180333137512,"z":0.039598122239112857,"w":-0.7971817255020142},"size":2.1688995361328127,"orthographic":false}