{"cameraMode":{"drawMode":0,"name":"Shaded","section":"Shading Mode"},"sceneLighting":true,"audioPlay":false,"sceneViewState":{"showFog":true,"showMaterialUpdate":false,"showSkybox":true,"showFlares":true,"showImageEffects":true,"showParticleSystems":true},"in2DMode":false,"pivot":{"x":0.40629518032073977,"y":1.4051357507705689,"z":-0.4779369831085205},"rotation":{"x":-0.14141803979873658,"y":0.5967875719070435,"z":-0.1078634038567543,"w":-0.7824391722679138},"size":1.6805531978607178,"orthographic":false}