{"cameraMode":{"drawMode":0,"name":"Shaded","section":"Shading Mode"},"sceneLighting":false,"audioPlay":false,"sceneViewState":{"showFog":true,"showMaterialUpdate":false,"showSkybox":false,"showFlares":true,"showImageEffects":true,"showParticleSystems":true},"in2DMode":false,"pivot":{"x":-4.659999847412109,"y":0.9900000095367432,"z":4.300000190734863},"rotation":{"x":-0.1462283730506897,"y":-0.5504187941551209,"z":0.09863076359033585,"w":-0.8160444498062134},"size":3.282463312149048,"orthographic":false}