{"cameraMode":{"drawMode":0,"name":"Shaded","section":"Shading Mode"},"sceneLighting":true,"audioPlay":false,"sceneViewState":{"showFog":true,"showMaterialUpdate":false,"showSkybox":true,"showFlares":true,"showImageEffects":true,"showParticleSystems":true},"in2DMode":false,"pivot":{"x":0.3398590385913849,"y":1.31732177734375,"z":0.5148540139198303},"rotation":{"x":-0.005472865421324968,"y":0.2749250531196594,"z":0.0015610797563567758,"w":0.9614487886428833},"size":1.097184181213379,"orthographic":false}