{"cameraMode":{"drawMode":0,"name":"Shaded","section":"Shading Mode"},"sceneLighting":false,"audioPlay":false,"sceneViewState":{"showFog":true,"showMaterialUpdate":false,"showSkybox":false,"showFlares":true,"showImageEffects":true,"showParticleSystems":true},"in2DMode":false,"pivot":{"x":-3.0562875270843508,"y":0.8028518557548523,"z":4.522350788116455},"rotation":{"x":-0.17363278567790986,"y":-0.45103907585144045,"z":0.08993412554264069,"w":-0.8708199262619019},"size":2.082463264465332,"orthographic":false}