{"cameraMode":{"drawMode":0,"name":"Shaded","section":"Shading Mode"},"sceneLighting":false,"audioPlay":false,"sceneViewState":{"showFog":true,"showMaterialUpdate":false,"showSkybox":false,"showFlares":true,"showImageEffects":true,"showParticleSystems":true},"in2DMode":false,"pivot":{"x":-0.10599999129772186,"y":0.39100000262260439,"z":-1.1130000352859498},"rotation":{"x":0.22910355031490327,"y":0.546377956867218,"z":-0.15847864747047425,"w":0.7898527383804321},"size":4.136713027954102,"orthographic":false}