{"cameraMode":{"drawMode":0,"name":"Shaded","section":"Shading Mode"},"sceneLighting":true,"audioPlay":false,"sceneViewState":{"showFog":true,"showMaterialUpdate":false,"showSkybox":false,"showFlares":true,"showImageEffects":true,"showParticleSystems":true},"in2DMode":false,"pivot":{"x":72.29349517822266,"y":0.8994011282920837,"z":90.24463653564453},"rotation":{"x":-0.1299116462469101,"y":-0.2665691077709198,"z":0.036340367048978809,"w":-0.9543287754058838},"size":1.5777034759521485,"orthographic":false}