{"cameraMode":{"drawMode":0,"name":"Shaded","section":"Shading Mode"},"sceneLighting":false,"audioPlay":false,"sceneViewState":{"showFog":true,"showMaterialUpdate":false,"showSkybox":false,"showFlares":true,"showImageEffects":true,"showParticleSystems":true},"in2DMode":false,"pivot":{"x":3.616548538208008,"y":6.722477436065674,"z":-2.052931308746338},"rotation":{"x":-0.006968735251575708,"y":0.45599067211151125,"z":-0.0035287358332425358,"w":-0.8899502754211426},"size":10.802412986755371,"orthographic":false}