{"cameraMode":{"drawMode":0,"name":"Shaded","section":"Shading Mode"},"sceneLighting":true,"audioPlay":false,"sceneViewState":{"showFog":true,"showMaterialUpdate":false,"showSkybox":true,"showFlares":true,"showImageEffects":true,"showParticleSystems":true},"in2DMode":false,"pivot":{"x":3.9823362827301027,"y":1.2807921171188355,"z":-0.2544586658477783},"rotation":{"x":0.08466264605522156,"y":-0.8630800247192383,"z":0.15438808500766755,"w":0.47338077425956728},"size":2.5688202381134035,"orthographic":false}