{"cameraMode":{"drawMode":0,"name":"Shaded","section":"Shading Mode"},"sceneLighting":true,"audioPlay":false,"sceneViewState":{"showFog":true,"showMaterialUpdate":false,"showSkybox":false,"showFlares":true,"showImageEffects":true,"showParticleSystems":true},"in2DMode":false,"pivot":{"x":-0.1321268081665039,"y":0.8994011282920837,"z":-0.3234865665435791},"rotation":{"x":0.09432420879602432,"y":0.6928231120109558,"z":-0.09223566949367523,"w":0.7089369893074036},"size":4.877692222595215,"orthographic":false}