{"cameraMode":{"drawMode":0,"name":"Shaded","section":"Shading Mode"},"sceneLighting":true,"audioPlay":false,"sceneViewState":{"showFog":true,"showMaterialUpdate":false,"showSkybox":true,"showFlares":true,"showImageEffects":true,"showParticleSystems":true},"in2DMode":false,"pivot":{"x":3.8403713703155519,"y":0.35274738073349,"z":-1.0017365217208863},"rotation":{"x":-0.06896782666444779,"y":-0.7502961754798889,"z":0.07933133840560913,"w":-0.652691125869751},"size":3.8973960876464845,"orthographic":false}