{"cameraMode":{"drawMode":0,"name":"Shaded","section":"Shading Mode"},"sceneLighting":true,"audioPlay":false,"sceneViewState":{"showFog":true,"showMaterialUpdate":false,"showSkybox":true,"showFlares":true,"showImageEffects":true,"showParticleSystems":true},"in2DMode":false,"pivot":{"x":98.58953857421875,"y":-6.343610763549805,"z":33.33441162109375},"rotation":{"x":-0.08203192800283432,"y":-0.9104194641113281,"z":0.21875570714473725,"w":-0.34139904379844668},"size":72.62616729736328,"orthographic":false}