{"cameraMode":{"drawMode":0,"name":"Shaded","section":"Shading Mode"},"sceneLighting":false,"audioPlay":false,"sceneViewState":{"showFog":true,"showMaterialUpdate":false,"showSkybox":false,"showFlares":true,"showImageEffects":true,"showParticleSystems":true},"in2DMode":false,"pivot":{"x":-0.4397697448730469,"y":5.987690448760986,"z":0.3735923767089844},"rotation":{"x":-0.16899240016937257,"y":0.006906119640916586,"z":-0.0011465366696938873,"w":-0.9855924844741821},"size":38.57149887084961,"orthographic":false}