{"cameraMode":{"drawMode":0,"name":"Shaded","section":"Shading Mode"},"sceneLighting":false,"audioPlay":false,"sceneViewState":{"showFog":true,"showMaterialUpdate":false,"showSkybox":false,"showFlares":true,"showImageEffects":true,"showParticleSystems":true},"in2DMode":false,"pivot":{"x":-0.954250693321228,"y":3.345301628112793,"z":0.5594964027404785},"rotation":{"x":-0.0008069342584349215,"y":-0.7128769755363464,"z":-0.0008737999014556408,"w":0.7012881636619568},"size":35.383262634277347,"orthographic":false}