{"cameraMode":{"drawMode":0,"name":"Shaded","section":"Shading Mode"},"sceneLighting":true,"audioPlay":false,"sceneViewState":{"showFog":true,"showMaterialUpdate":false,"showSkybox":false,"showFlares":true,"showImageEffects":true,"showParticleSystems":true},"in2DMode":false,"pivot":{"x":0.4518844485282898,"y":1.5771019458770753,"z":-0.24837195873260499},"rotation":{"x":0.15974684059619904,"y":0.23676364123821259,"z":-0.039499543607234958,"w":0.9575300216674805},"size":1.474590539932251,"orthographic":false}