{"cameraMode":{"drawMode":0,"name":"Shaded","section":"Shading Mode"},"sceneLighting":true,"audioPlay":false,"sceneViewState":{"showFog":true,"showMaterialUpdate":false,"showSkybox":true,"showFlares":true,"showImageEffects":true,"showParticleSystems":true},"in2DMode":false,"pivot":{"x":315.660888671875,"y":-84.97819519042969,"z":204.61712646484376},"rotation":{"x":-0.4071106016635895,"y":-0.2734769284725189,"z":0.12922024726867677,"w":-0.8618430495262146},"size":157.1044464111328,"orthographic":false}