{"cameraMode":{"drawMode":0,"name":"Shaded","section":"Shading Mode"},"sceneLighting":true,"audioPlay":false,"sceneViewState":{"showFog":true,"showMaterialUpdate":false,"showSkybox":true,"showFlares":true,"showImageEffects":true,"showParticleSystems":true},"in2DMode":false,"pivot":{"x":2.4917666912078859,"y":-0.649357795715332,"z":1.8946423530578614},"rotation":{"x":0.22119876742362977,"y":-0.17560702562332154,"z":0.04047641158103943,"w":0.9584336280822754},"size":6.345235347747803,"orthographic":false}