{"cameraMode":{"drawMode":0,"name":"Shaded","section":"Shading Mode"},"sceneLighting":true,"audioPlay":false,"sceneViewState":{"showFog":true,"showMaterialUpdate":false,"showSkybox":true,"showFlares":true,"showImageEffects":true,"showParticleSystems":true},"in2DMode":false,"pivot":{"x":12.290484428405762,"y":-6.101365089416504,"z":-7.530445098876953},"rotation":{"x":0.10851620882749558,"y":0.8792067170143127,"z":-0.24048927426338197,"w":0.39671745896339419},"size":16.765926361083986,"orthographic":false}