{"cameraMode":{"drawMode":0,"name":"Shaded","section":"Shading Mode"},"sceneLighting":false,"audioPlay":false,"sceneViewState":{"showFog":true,"showMaterialUpdate":false,"showSkybox":false,"showFlares":true,"showImageEffects":true,"showParticleSystems":true},"in2DMode":false,"pivot":{"x":-7.748603820800781e-7,"y":0.7348023653030396,"z":0.041496992111206058},"rotation":{"x":0.013897372409701348,"y":0.9838637113571167,"z":-0.15505589544773103,"w":0.0881861075758934},"size":55.98664855957031,"orthographic":false}