{"cameraMode":{"drawMode":0,"name":"Shaded","section":"Shading Mode"},"sceneLighting":true,"audioPlay":false,"sceneViewState":{"showFog":true,"showMaterialUpdate":false,"showSkybox":true,"showFlares":true,"showImageEffects":true,"showParticleSystems":true},"in2DMode":false,"pivot":{"x":-1.3398938179016114,"y":0.9250001311302185,"z":12.502679824829102},"rotation":{"x":-0.19825305044651032,"y":0.04730452597141266,"z":-0.009577070362865925,"w":-0.9789618849754334},"size":27.586807250976564,"orthographic":false}