{"cameraMode":{"drawMode":0,"name":"Shaded","section":"Shading Mode"},"sceneLighting":false,"audioPlay":false,"sceneViewState":{"showFog":true,"showMaterialUpdate":false,"showSkybox":false,"showFlares":true,"showImageEffects":true,"showParticleSystems":true},"in2DMode":false,"pivot":{"x":3.990000009536743,"y":0.07000000029802323,"z":-0.009999999776482582},"rotation":{"x":-0.1300300657749176,"y":0.7256717085838318,"z":-0.6603599786758423,"w":-0.14288966357707978},"size":22.0,"orthographic":false}