{"cameraMode":{"drawMode":0,"name":"Shaded","section":"Shading Mode"},"sceneLighting":true,"audioPlay":false,"sceneViewState":{"showFog":true,"showMaterialUpdate":false,"showSkybox":true,"showFlares":true,"showImageEffects":true,"showParticleSystems":true},"in2DMode":false,"pivot":{"x":1.5372095108032227,"y":-1.5902225971221924,"z":4.3739824295043949},"rotation":{"x":0.22765301167964936,"y":0.1910642683506012,"z":-0.045608457177877429,"w":0.9537234902381897},"size":10.544771194458008,"orthographic":false}