{"cameraMode":{"drawMode":0,"name":"Shaded","section":"Shading Mode"},"sceneLighting":false,"audioPlay":false,"sceneViewState":{"showFog":true,"showMaterialUpdate":false,"showSkybox":false,"showFlares":true,"showImageEffects":true,"showParticleSystems":true},"in2DMode":false,"pivot":{"x":2.587428331375122,"y":0.578328549861908,"z":-21.56432342529297},"rotation":{"x":-0.05089784413576126,"y":-0.8990755081176758,"z":0.10869719833135605,"w":-0.4210197925567627},"size":2.4612786769866945,"orthographic":false}