{"cameraMode":{"drawMode":0,"name":"Shaded","section":"Shading Mode"},"sceneLighting":false,"audioPlay":false,"sceneViewState":{"showFog":true,"showMaterialUpdate":false,"showSkybox":true,"showFlares":true,"showImageEffects":true,"showParticleSystems":true},"in2DMode":false,"pivot":{"x":-0.18734300136566163,"y":0.582329511642456,"z":1.7331914901733399},"rotation":{"x":-0.1288735717535019,"y":0.8248563408851624,"z":-0.20869691669940949,"w":-0.5093615651130676},"size":2.691117525100708,"orthographic":false}