{"cameraMode":{"drawMode":0,"name":"Shaded","section":"Shading Mode"},"sceneLighting":true,"audioPlay":false,"sceneViewState":{"showFog":true,"showMaterialUpdate":false,"showSkybox":true,"showFlares":true,"showImageEffects":true,"showParticleSystems":true},"in2DMode":false,"pivot":{"x":1.9636588096618653,"y":1.1522698402404786,"z":-3.9326372146606447},"rotation":{"x":0.09523288160562515,"y":0.8513809442520142,"z":-0.48838499188423159,"w":0.16601617634296418},"size":9.019059181213379,"orthographic":false}