{"cameraMode":{"drawMode":0,"name":"Shaded","section":"Shading Mode"},"sceneLighting":true,"audioPlay":false,"sceneViewState":{"showFog":true,"showMaterialUpdate":false,"showSkybox":true,"showFlares":true,"showImageEffects":true,"showParticleSystems":true},"in2DMode":false,"pivot":{"x":-15.618305206298829,"y":-16.827383041381837,"z":-28.81905746459961},"rotation":{"x":0.06345698237419129,"y":-0.9341248869895935,"z":0.21115703880786897,"w":0.2807075083255768},"size":43.10224914550781,"orthographic":false}