{"cameraMode":{"drawMode":0,"name":"Shaded","section":"Shading Mode"},"sceneLighting":true,"audioPlay":false,"sceneViewState":{"showFog":true,"showMaterialUpdate":false,"showSkybox":true,"showFlares":true,"showImageEffects":true,"showParticleSystems":true},"in2DMode":false,"pivot":{"x":2.006800651550293,"y":1.0888277292251588,"z":-2.4192826747894289},"rotation":{"x":0.027420926839113237,"y":0.8094439506530762,"z":-0.03792126849293709,"w":0.5853294730186462},"size":5.987957000732422,"orthographic":false}