{"cameraMode":{"drawMode":0,"name":"Shaded","section":"Shading Mode"},"sceneLighting":false,"audioPlay":false,"sceneViewState":{"showFog":true,"showMaterialUpdate":false,"showSkybox":false,"showFlares":true,"showImageEffects":true,"showParticleSystems":true},"in2DMode":false,"pivot":{"x":-0.03099999949336052,"y":1.4769999980926514,"z":-0.49000000953674319},"rotation":{"x":0.09548864513635636,"y":0.3529939651489258,"z":-0.03624526411294937,"w":0.9300341606140137},"size":22.0,"orthographic":false}