{"cameraMode":{"drawMode":0,"name":"Shaded","section":"Shading Mode"},"sceneLighting":false,"audioPlay":false,"sceneViewState":{"showFog":true,"showMaterialUpdate":false,"showSkybox":true,"showFlares":true,"showImageEffects":true,"showParticleSystems":true},"in2DMode":false,"pivot":{"x":0.1170656681060791,"y":2.0218684673309328,"z":0.8103879690170288},"rotation":{"x":0.010740435682237149,"y":0.9318444728851318,"z":0.02767493948340416,"w":-0.36164164543151858},"size":2.691117525100708,"orthographic":false}