{"cameraMode":{"drawMode":0,"name":"Shaded","section":"Shading Mode"},"sceneLighting":false,"audioPlay":false,"sceneViewState":{"showFog":true,"showMaterialUpdate":false,"showSkybox":false,"showFlares":true,"showImageEffects":true,"showParticleSystems":true},"in2DMode":false,"pivot":{"x":-0.31682538986206057,"y":-0.30562472343444826,"z":10.800000190734864},"rotation":{"x":-0.07113034278154373,"y":-0.5762604475021362,"z":0.05044582486152649,"w":-0.8126005530357361},"size":22.0,"orthographic":false}