{"cameraMode":{"drawMode":0,"name":"Shaded","section":"Shading Mode"},"sceneLighting":false,"audioPlay":false,"sceneViewState":{"showFog":true,"showMaterialUpdate":false,"showSkybox":false,"showFlares":true,"showImageEffects":true,"showParticleSystems":true},"in2DMode":false,"pivot":{"x":1.5637975931167603,"y":0.5155280828475952,"z":-20.937236785888673},"rotation":{"x":-0.05331238731741905,"y":-0.942257285118103,"z":0.18201075494289399,"w":-0.27600935101509097},"size":2.187769651412964,"orthographic":false}