{"cameraMode":{"drawMode":0,"name":"Shaded","section":"Shading Mode"},"sceneLighting":true,"audioPlay":false,"sceneViewState":{"showFog":true,"showMaterialUpdate":false,"showSkybox":true,"showFlares":true,"showImageEffects":true,"showParticleSystems":true},"in2DMode":false,"pivot":{"x":0.0008721500635147095,"y":0.026872290298342706,"z":-0.000990600325167179},"rotation":{"x":-0.07898971438407898,"y":0.8234017491340637,"z":-0.11839713901281357,"w":-0.5493199229240418},"size":0.09883924573659897,"orthographic":false}