{"cameraMode":{"drawMode":0,"name":"Shaded","section":"Shading Mode"},"sceneLighting":true,"audioPlay":false,"sceneViewState":{"showFog":true,"showMaterialUpdate":false,"showSkybox":true,"showFlares":true,"showImageEffects":true,"showParticleSystems":true},"in2DMode":false,"pivot":{"x":-49.63804626464844,"y":-48.21541976928711,"z":-35.8624267578125},"rotation":{"x":0.5904641151428223,"y":0.07479957491159439,"z":-0.055093757808208469,"w":0.8016993999481201},"size":70.43050384521485,"orthographic":false}