{"cameraMode":{"drawMode":0,"name":"Shaded","section":"Shading Mode"},"sceneLighting":false,"audioPlay":false,"sceneViewState":{"showFog":true,"showMaterialUpdate":false,"showSkybox":false,"showFlares":true,"showImageEffects":true,"showParticleSystems":true},"in2DMode":false,"pivot":{"x":-4.836565971374512,"y":-1.0196552276611329,"z":-3.599853515625},"rotation":{"x":-0.08690635859966278,"y":-0.881654679775238,"z":0.42785733938217165,"w":-0.1790822595357895},"size":12.091922760009766,"orthographic":false}