{"cameraMode":{"drawMode":0,"name":"Shaded","section":"Shading Mode"},"sceneLighting":false,"audioPlay":false,"sceneViewState":{"showFog":true,"showMaterialUpdate":false,"showSkybox":false,"showFlares":true,"showImageEffects":true,"showParticleSystems":true},"in2DMode":false,"pivot":{"x":-0.38489773869514468,"y":0.22274261713027955,"z":0.031606316566467288},"rotation":{"x":-0.015381209552288056,"y":-0.9837227463722229,"z":0.14597301185131074,"w":-0.10365787148475647},"size":1.7223678827285767,"orthographic":false}