{"cameraMode":{"drawMode":0,"name":"Shaded","section":"Shading Mode"},"sceneLighting":true,"audioPlay":false,"sceneViewState":{"showFog":true,"showMaterialUpdate":false,"showSkybox":true,"showFlares":true,"showImageEffects":true,"showParticleSystems":true},"in2DMode":false,"pivot":{"x":-0.6340031623840332,"y":1.1523562669754029,"z":0.5675444602966309},"rotation":{"x":0.01171711552888155,"y":-0.9872328042984009,"z":0.13289572298526765,"w":0.08702273666858673},"size":1.3223836421966553,"orthographic":false}