{"cameraMode":{"drawMode":0,"name":"Shaded","section":"Shading Mode"},"sceneLighting":false,"audioPlay":false,"sceneViewState":{"showFog":true,"showMaterialUpdate":false,"showSkybox":false,"showFlares":true,"showImageEffects":true,"showParticleSystems":true},"in2DMode":false,"pivot":{"x":1.6799992322921754,"y":0.7542848587036133,"z":-20.748504638671876},"rotation":{"x":-0.05331238731741905,"y":-0.942257285118103,"z":0.18201075494289399,"w":-0.27600935101509097},"size":4.233253479003906,"orthographic":false}