{"cameraMode":{"drawMode":0,"name":"Shaded","section":"Shading Mode"},"sceneLighting":true,"audioPlay":false,"sceneViewState":{"showFog":true,"showMaterialUpdate":false,"showSkybox":true,"showFlares":true,"showImageEffects":true,"showParticleSystems":true},"in2DMode":false,"pivot":{"x":0.9492111206054688,"y":-3.0828847885131838,"z":-4.309376239776611},"rotation":{"x":-0.314674437046051,"y":0.6536617875099182,"z":-0.34556442499160769,"w":-0.5952239632606506},"size":8.85448932647705,"orthographic":false}