{"cameraMode":{"drawMode":0,"name":"Shaded","section":"Shading Mode"},"sceneLighting":true,"audioPlay":false,"sceneViewState":{"showFog":true,"showMaterialUpdate":false,"showSkybox":true,"showFlares":true,"showImageEffects":true,"showParticleSystems":true},"in2DMode":false,"pivot":{"x":-0.6467978954315186,"y":2.0657927989959719,"z":-0.43044018745422366},"rotation":{"x":-0.055587127804756168,"y":0.9419912099838257,"z":-0.19666007161140443,"w":-0.26624706387519839},"size":3.8346877098083498,"orthographic":false}