{"cameraMode":{"drawMode":0,"name":"Shaded","section":"Shading Mode"},"sceneLighting":false,"audioPlay":false,"sceneViewState":{"showFog":true,"showMaterialUpdate":false,"showSkybox":false,"showFlares":true,"showImageEffects":true,"showParticleSystems":true},"in2DMode":false,"pivot":{"x":-50.720001220703128,"y":13.043001174926758,"z":9.519998550415039},"rotation":{"x":-0.002860079752281308,"y":-0.9971319437026978,"z":-0.05508682504296303,"w":0.05181872844696045},"size":43.718753814697269,"orthographic":false}