{"cameraMode":{"drawMode":0,"name":"Shaded","section":"Shading Mode"},"sceneLighting":true,"audioPlay":false,"sceneViewState":{"showFog":true,"showMaterialUpdate":false,"showSkybox":true,"showFlares":true,"showImageEffects":true,"showParticleSystems":true},"in2DMode":false,"pivot":{"x":-2.4843826293945314,"y":0.8624700307846069,"z":-11.791083335876465},"rotation":{"x":0.08706016093492508,"y":0.5201376676559448,"z":-0.05340372398495674,"w":0.8479536771774292},"size":2.4612784385681154,"orthographic":false}