{"cameraMode":{"drawMode":0,"name":"Shaded","section":"Shading Mode"},"sceneLighting":true,"audioPlay":false,"sceneViewState":{"showFog":true,"showMaterialUpdate":false,"showSkybox":true,"showFlares":true,"showImageEffects":true,"showParticleSystems":true},"in2DMode":false,"pivot":{"x":-0.15937089920043946,"y":0.6575955748558044,"z":-2.062159776687622},"rotation":{"x":0.12405895441770554,"y":0.6882099509239197,"z":-0.12119641900062561,"w":0.7044770121574402},"size":2.461277961730957,"orthographic":false}