{"cameraMode":{"drawMode":0,"name":"Shaded","section":"Shading Mode"},"sceneLighting":false,"audioPlay":false,"sceneViewState":{"showFog":true,"showMaterialUpdate":false,"showSkybox":false,"showFlares":true,"showImageEffects":true,"showParticleSystems":true},"in2DMode":false,"pivot":{"x":1.681430697441101,"y":0.7070605754852295,"z":-20.790000915527345},"rotation":{"x":-0.07113034278154373,"y":-0.5762604475021362,"z":0.05044582486152649,"w":-0.8126005530357361},"size":2.4612786769866945,"orthographic":false}