{"cameraMode":{"drawMode":0,"name":"Shaded","section":"Shading Mode"},"sceneLighting":true,"audioPlay":false,"sceneViewState":{"showFog":true,"showMaterialUpdate":false,"showSkybox":true,"showFlares":true,"showImageEffects":true,"showParticleSystems":true},"in2DMode":false,"pivot":{"x":1.6139066219329835,"y":3.629650115966797,"z":-10.840457916259766},"rotation":{"x":-0.00020146649330854416,"y":0.9981394410133362,"z":-0.0033051169011741878,"w":-0.06088398024439812},"size":28.468338012695314,"orthographic":false}