{"cameraMode":{"drawMode":0,"name":"Shaded","section":"Shading Mode"},"sceneLighting":true,"audioPlay":false,"sceneViewState":{"showFog":true,"showMaterialUpdate":false,"showSkybox":true,"showFlares":true,"showImageEffects":true,"showParticleSystems":true},"in2DMode":false,"pivot":{"x":0.7015178203582764,"y":1.1566990613937379,"z":-0.9804022312164307},"rotation":{"x":-0.05930473282933235,"y":0.8854581117630005,"z":-0.1178460493683815,"w":-0.44559982419013979},"size":4.041658401489258,"orthographic":false}