{"cameraMode":{"drawMode":0,"name":"Shaded","section":"Shading Mode"},"sceneLighting":true,"audioPlay":false,"sceneViewState":{"showFog":true,"showMaterialUpdate":false,"showSkybox":true,"showFlares":true,"showImageEffects":true,"showParticleSystems":true},"in2DMode":false,"pivot":{"x":-3.401607036590576,"y":-3.8963003158569338,"z":1.5399913787841797},"rotation":{"x":0.3717659115791321,"y":-0.041465695947408679,"z":0.016625231131911279,"w":0.9272509813308716},"size":12.765127182006836,"orthographic":false}