{"cameraMode":{"drawMode":0,"name":"Shaded","section":"Shading Mode"},"sceneLighting":true,"audioPlay":false,"sceneViewState":{"showFog":true,"showMaterialUpdate":false,"showSkybox":true,"showFlares":true,"showImageEffects":true,"showParticleSystems":true},"in2DMode":false,"pivot":{"x":2.4302752017974855,"y":1.351523518562317,"z":0.0637831836938858},"rotation":{"x":0.011862237006425858,"y":-0.9810193777084351,"z":0.06366872042417526,"w":0.182774618268013},"size":22.0,"orthographic":false}