{"cameraMode":{"drawMode":0,"name":"Shaded","section":"Shading Mode"},"sceneLighting":true,"audioPlay":false,"sceneViewState":{"showFog":true,"showMaterialUpdate":false,"showSkybox":true,"showFlares":true,"showImageEffects":true,"showParticleSystems":true},"in2DMode":false,"pivot":{"x":-6.951087951660156,"y":4.21518611907959,"z":-0.7137393951416016},"rotation":{"x":0.09753202646970749,"y":0.9018310308456421,"z":-0.27928003668785097,"w":0.3149460256099701},"size":22.0,"orthographic":false}