{"cameraMode":{"drawMode":0,"name":"Shaded","section":"Shading Mode"},"sceneLighting":true,"audioPlay":false,"sceneViewState":{"showFog":true,"showMaterialUpdate":false,"showSkybox":true,"showFlares":true,"showImageEffects":true,"showParticleSystems":true},"in2DMode":false,"pivot":{"x":-0.00020920857787132263,"y":0.46880924701690676,"z":0.0015281870728358627},"rotation":{"x":-0.02802487462759018,"y":0.9332186579704285,"z":-0.07464722543954849,"w":-0.3503502905368805},"size":1.5470789670944214,"orthographic":false}