{"cameraMode":{"drawMode":0,"name":"Shaded","section":"Shading Mode"},"sceneLighting":false,"audioPlay":false,"sceneViewState":{"showFog":true,"showMaterialUpdate":false,"showSkybox":false,"showFlares":true,"showImageEffects":true,"showParticleSystems":true},"in2DMode":false,"pivot":{"x":0.1579878330230713,"y":0.557808518409729,"z":0.2565838694572449},"rotation":{"x":0.06566859036684036,"y":0.7063872814178467,"z":-0.06611120700836182,"w":0.7016652226448059},"size":0.945234477519989,"orthographic":false}