{"cameraMode":{"drawMode":0,"name":"Shaded","section":"Shading Mode"},"sceneLighting":true,"audioPlay":false,"sceneViewState":{"showFog":true,"showMaterialUpdate":false,"showSkybox":true,"showFlares":true,"showImageEffects":true,"showParticleSystems":true},"in2DMode":false,"pivot":{"x":12.981164932250977,"y":2.7856035232543947,"z":-3.2811179161071779},"rotation":{"x":-0.08123751729726792,"y":-0.7230826020240784,"z":0.08631984889507294,"w":-0.6805152297019959},"size":28.70561408996582,"orthographic":false}