{"cameraMode":{"drawMode":0,"name":"Shaded","section":"Shading Mode"},"sceneLighting":true,"audioPlay":false,"sceneViewState":{"showFog":true,"showMaterialUpdate":false,"showSkybox":true,"showFlares":true,"showImageEffects":true,"showParticleSystems":true},"in2DMode":false,"pivot":{"x":-0.09346789866685868,"y":1.207216739654541,"z":-0.6744303703308106},"rotation":{"x":0.0004893237492069602,"y":0.9889428019523621,"z":-0.14826074242591859,"w":0.003263631137087941},"size":2.745234251022339,"orthographic":false}