{"cameraMode":{"drawMode":0,"name":"Shaded","section":"Shading Mode"},"sceneLighting":false,"audioPlay":false,"sceneViewState":{"showFog":true,"showMaterialUpdate":false,"showSkybox":false,"showFlares":true,"showImageEffects":true,"showParticleSystems":true},"in2DMode":false,"pivot":{"x":-37.314697265625,"y":141.5660400390625,"z":-2.146820068359375},"rotation":{"x":-0.020695671439170839,"y":0.9788992404937744,"z":-0.15728352963924409,"w":-0.12880180776119233},"size":757.3700561523438,"orthographic":false}