{"cameraMode":{"drawMode":0,"name":"Shaded","section":"Shading Mode"},"sceneLighting":true,"audioPlay":false,"sceneViewState":{"showFog":true,"showMaterialUpdate":false,"showSkybox":true,"showFlares":true,"showImageEffects":true,"showParticleSystems":true},"in2DMode":false,"pivot":{"x":7.880767822265625,"y":-0.9214738011360169,"z":-2.7832298278808595},"rotation":{"x":0.07716882228851319,"y":0.8084405064582825,"z":-0.10882759839296341,"w":0.5732585787773132},"size":13.737183570861817,"orthographic":false}