{"cameraMode":{"drawMode":0,"name":"Shaded","section":"Shading Mode"},"sceneLighting":true,"audioPlay":false,"sceneViewState":{"showFog":true,"showMaterialUpdate":false,"showSkybox":true,"showFlares":true,"showImageEffects":true,"showParticleSystems":true},"in2DMode":false,"pivot":{"x":-0.5749915838241577,"y":1.0067732334136963,"z":-0.8182175159454346},"rotation":{"x":0.001059525297023356,"y":0.9969572424888611,"z":-0.013769382610917092,"w":0.07671775668859482},"size":2.1962778568267824,"orthographic":false}