{"cameraMode":{"drawMode":0,"name":"Shaded","section":"Shading Mode"},"sceneLighting":true,"audioPlay":false,"sceneViewState":{"showFog":true,"showMaterialUpdate":false,"showSkybox":true,"showFlares":true,"showImageEffects":true,"showParticleSystems":true},"in2DMode":false,"pivot":{"x":-0.0004473896697163582,"y":0.477766752243042,"z":0.038793109357357028},"rotation":{"x":0.04679855704307556,"y":0.007244606036692858,"z":-0.0003397351538296789,"w":0.9988780617713928},"size":1.5818196535110474,"orthographic":false}