{"cameraMode":{"drawMode":0,"name":"Shaded","section":"Shading Mode"},"sceneLighting":true,"audioPlay":false,"sceneViewState":{"showFog":true,"showMaterialUpdate":false,"showSkybox":true,"showFlares":true,"showImageEffects":true,"showParticleSystems":true},"in2DMode":false,"pivot":{"x":-10.749974250793457,"y":1.4266088008880616,"z":30.459518432617189},"rotation":{"x":0.049629420042037967,"y":0.08210182934999466,"z":-0.004091243259608746,"w":0.9953791499137878},"size":1.2157578468322755,"orthographic":false}