{"cameraMode":{"drawMode":0,"name":"Shaded","section":"Shading Mode"},"sceneLighting":true,"audioPlay":false,"sceneViewState":{"showFog":true,"showMaterialUpdate":false,"showSkybox":true,"showFlares":true,"showImageEffects":true,"showParticleSystems":true},"in2DMode":false,"pivot":{"x":4.189879417419434,"y":-0.9285297393798828,"z":12.086273193359375},"rotation":{"x":-0.14294858276844026,"y":-0.7040985822677612,"z":0.14809104800224305,"w":-0.6796175837516785},"size":15.604159355163575,"orthographic":false}