{"cameraMode":{"drawMode":0,"name":"Shaded","section":"Shading Mode"},"sceneLighting":false,"audioPlay":false,"sceneViewState":{"showFog":true,"showMaterialUpdate":false,"showSkybox":false,"showFlares":true,"showImageEffects":true,"showParticleSystems":true},"in2DMode":false,"pivot":{"x":-4.936453819274902,"y":0.7730996608734131,"z":4.1302666664123539},"rotation":{"x":-0.02329203113913536,"y":-0.9759242534637451,"z":0.17185725271701814,"w":-0.13226698338985444},"size":0.7121080756187439,"orthographic":false}