{"cameraMode":{"drawMode":0,"name":"Shaded","section":"Shading Mode"},"sceneLighting":true,"audioPlay":false,"sceneViewState":{"showFog":true,"showMaterialUpdate":false,"showSkybox":true,"showFlares":true,"showImageEffects":true,"showParticleSystems":true},"in2DMode":false,"pivot":{"x":-8.463153839111329,"y":1.2099493741989136,"z":-66.54763793945313},"rotation":{"x":-0.1321515440940857,"y":0.7466796040534973,"z":-0.15588097274303437,"w":-0.6330139636993408},"size":0.8773805499076843,"orthographic":false}