{"cameraMode":{"drawMode":0,"name":"Shaded","section":"Shading Mode"},"sceneLighting":false,"audioPlay":false,"sceneViewState":{"showFog":true,"showMaterialUpdate":false,"showSkybox":false,"showFlares":true,"showImageEffects":true,"showParticleSystems":true},"in2DMode":false,"pivot":{"x":1.6799992322921754,"y":0.7542848587036133,"z":-20.748504638671876},"rotation":{"x":0.09557550400495529,"y":0.6462609767913818,"z":-0.08206591010093689,"w":0.7526468634605408},"size":4.233253479003906,"orthographic":false}