{"cameraMode":{"drawMode":0,"name":"Shaded","section":"Shading Mode"},"sceneLighting":true,"audioPlay":false,"sceneViewState":{"showFog":true,"showMaterialUpdate":false,"showSkybox":true,"showFlares":true,"showImageEffects":true,"showParticleSystems":true},"in2DMode":false,"pivot":{"x":-1.4977591037750245,"y":0.6529297828674316,"z":0.17698431015014649},"rotation":{"x":0.09151672571897507,"y":-0.7911468744277954,"z":0.12224982678890228,"w":0.5922552347183228},"size":3.8653564453125,"orthographic":false}