{"cameraMode":{"drawMode":0,"name":"Shaded","section":"Shading Mode"},"sceneLighting":true,"audioPlay":false,"sceneViewState":{"showFog":true,"showMaterialUpdate":false,"showSkybox":true,"showFlares":true,"showImageEffects":true,"showParticleSystems":true},"in2DMode":false,"pivot":{"x":5.129546165466309,"y":1.4595468044281006,"z":3.7376813888549806},"rotation":{"x":0.1210884302854538,"y":-0.6608896255493164,"z":0.10924621671438217,"w":0.7325488328933716},"size":5.745234966278076,"orthographic":false}