{"cameraMode":{"drawMode":0,"name":"Shaded","section":"Shading Mode"},"sceneLighting":false,"audioPlay":false,"sceneViewState":{"showFog":true,"showMaterialUpdate":false,"showSkybox":false,"showFlares":true,"showImageEffects":true,"showParticleSystems":true},"in2DMode":false,"pivot":{"x":1.9865736961364747,"y":1.168213963508606,"z":-6.555463790893555},"rotation":{"x":-0.13208363950252534,"y":0.13955336809158326,"z":-0.01878100261092186,"w":-0.981186032295227},"size":1.9777195453643799,"orthographic":false}