{"cameraMode":{"drawMode":0,"name":"Shaded","section":"Shading Mode"},"sceneLighting":false,"audioPlay":false,"sceneViewState":{"showFog":true,"showMaterialUpdate":false,"showSkybox":true,"showFlares":true,"showImageEffects":true,"showParticleSystems":true},"in2DMode":false,"pivot":{"x":-49.950904846191409,"y":-0.6877446174621582,"z":1.3904414176940919},"rotation":{"x":-0.2857046127319336,"y":-0.5829174518585205,"z":0.2296605259180069,"w":-0.7251456379890442},"size":5.947482585906982,"orthographic":false}