{"cameraMode":{"drawMode":0,"name":"Shaded","section":"Shading Mode"},"sceneLighting":true,"audioPlay":false,"sceneViewState":{"showFog":true,"showMaterialUpdate":false,"showSkybox":true,"showFlares":true,"showImageEffects":true,"showParticleSystems":true},"in2DMode":false,"pivot":{"x":0.6150364875793457,"y":0.9448186755180359,"z":-1.1723889112472535},"rotation":{"x":0.09557550400495529,"y":0.6462609767913818,"z":-0.08206591010093689,"w":0.7526468634605408},"size":2.334688186645508,"orthographic":false}