{"cameraMode":{"drawMode":0,"name":"Shaded","section":"Shading Mode"},"sceneLighting":true,"audioPlay":false,"sceneViewState":{"showFog":true,"showMaterialUpdate":false,"showSkybox":true,"showFlares":true,"showImageEffects":true,"showParticleSystems":true},"in2DMode":false,"pivot":{"x":-37.94870376586914,"y":4.910762786865234,"z":53.681461334228519},"rotation":{"x":0.0542810894548893,"y":0.008389901369810105,"z":-0.0004562189569696784,"w":0.9984903931617737},"size":104.62393188476563,"orthographic":false}