{"cameraMode":{"drawMode":0,"name":"Shaded","section":"Shading Mode"},"sceneLighting":true,"audioPlay":false,"sceneViewState":{"showFog":true,"showMaterialUpdate":false,"showSkybox":true,"showFlares":true,"showImageEffects":true,"showParticleSystems":true},"in2DMode":false,"pivot":{"x":2.847367763519287,"y":0.7271432280540466,"z":-0.8884446620941162},"rotation":{"x":-0.007154971361160278,"y":0.9901851415634155,"z":-0.0553281344473362,"w":-0.12814480066299439},"size":4.198232173919678,"orthographic":false}