{"cameraMode":{"drawMode":0,"name":"Shaded","section":"Shading Mode"},"sceneLighting":true,"audioPlay":false,"sceneViewState":{"showFog":true,"showMaterialUpdate":false,"showSkybox":true,"showFlares":true,"showImageEffects":true,"showParticleSystems":true},"in2DMode":false,"pivot":{"x":-26.556907653808595,"y":1.6043944358825684,"z":37.06623840332031},"rotation":{"x":-0.1349053680896759,"y":0.3897544741630554,"z":-0.05783449113368988,"w":-0.9091464281082153},"size":15.487825393676758,"orthographic":false}