{"cameraMode":{"drawMode":0,"name":"Shaded","section":"Shading Mode"},"sceneLighting":false,"audioPlay":false,"sceneViewState":{"showFog":true,"showMaterialUpdate":false,"showSkybox":false,"showFlares":true,"showImageEffects":true,"showParticleSystems":true},"in2DMode":false,"pivot":{"x":-4.936453819274902,"y":0.7730996608734131,"z":4.1302666664123539},"rotation":{"x":-0.015797587111592294,"y":0.21868349611759187,"z":0.003540963865816593,"w":0.97566157579422},"size":2.5121078491210939,"orthographic":false}