{"cameraMode":{"drawMode":0,"name":"Shaded","section":"Shading Mode"},"sceneLighting":true,"audioPlay":false,"sceneViewState":{"showFog":true,"showMaterialUpdate":false,"showSkybox":true,"showFlares":true,"showImageEffects":true,"showParticleSystems":true},"in2DMode":false,"pivot":{"x":0.11930349469184876,"y":1.229142189025879,"z":0.3710869550704956},"rotation":{"x":-0.03038879670202732,"y":-0.4086461067199707,"z":0.01362745463848114,"w":-0.9120850563049316},"size":0.3452344536781311,"orthographic":false}