{"cameraMode":{"drawMode":0,"name":"Shaded","section":"Shading Mode"},"sceneLighting":true,"audioPlay":false,"sceneViewState":{"showFog":true,"showMaterialUpdate":false,"showSkybox":true,"showFlares":true,"showImageEffects":true,"showParticleSystems":true},"in2DMode":false,"pivot":{"x":-34.070247650146487,"y":0.7263656854629517,"z":-34.084903717041019},"rotation":{"x":-0.05155033618211746,"y":-0.9403340816497803,"z":0.16559192538261414,"w":-0.29273492097854617},"size":5.152260780334473,"orthographic":false}