{"cameraMode":{"drawMode":0,"name":"Shaded","section":"Shading Mode"},"sceneLighting":true,"audioPlay":false,"sceneViewState":{"showFog":true,"showMaterialUpdate":false,"showSkybox":true,"showFlares":true,"showImageEffects":true,"showParticleSystems":true},"in2DMode":false,"pivot":{"x":0.11397799104452133,"y":1.2029998302459717,"z":0.757193386554718},"rotation":{"x":-0.13871318101882935,"y":-0.8032785058021545,"z":0.20580703020095826,"w":-0.541429340839386},"size":0.3452344536781311,"orthographic":false}