{"cameraMode":{"drawMode":0,"name":"Shaded","section":"Shading Mode"},"sceneLighting":false,"audioPlay":false,"sceneViewState":{"showFog":true,"showMaterialUpdate":false,"showSkybox":false,"showFlares":true,"showImageEffects":true,"showParticleSystems":true},"in2DMode":false,"pivot":{"x":-0.8655970096588135,"y":1.5199193954467774,"z":10.502652168273926},"rotation":{"x":0.07225142419338227,"y":-0.812646746635437,"z":0.10319500416517258,"w":0.5689778923988342},"size":2.857883930206299,"orthographic":false}