{"cameraMode":{"drawMode":0,"name":"Shaded","section":"Shading Mode"},"sceneLighting":false,"audioPlay":false,"sceneViewState":{"showFog":true,"showMaterialUpdate":false,"showSkybox":false,"showFlares":true,"showImageEffects":true,"showParticleSystems":true},"in2DMode":false,"pivot":{"x":-0.10123133659362793,"y":0.7934353351593018,"z":-2.3117096424102785},"rotation":{"x":-0.1466991901397705,"y":-0.4893830418586731,"z":0.0839088186621666,"w":-0.855536699295044},"size":0.3768654465675354,"orthographic":false}