{"cameraMode":{"drawMode":0,"name":"Shaded","section":"Shading Mode"},"sceneLighting":false,"audioPlay":false,"sceneViewState":{"showFog":true,"showMaterialUpdate":false,"showSkybox":false,"showFlares":true,"showImageEffects":true,"showParticleSystems":true},"in2DMode":false,"pivot":{"x":-1.9045615196228028,"y":-1.5155673027038575,"z":2.040008306503296},"rotation":{"x":0.3497333526611328,"y":0.39049530029296877,"z":-0.16340066492557527,"w":0.8357633352279663},"size":10.156997680664063,"orthographic":false}