{"cameraMode":{"drawMode":0,"name":"Shaded","section":"Shading Mode"},"sceneLighting":false,"audioPlay":false,"sceneViewState":{"showFog":true,"showMaterialUpdate":false,"showSkybox":false,"showFlares":true,"showImageEffects":true,"showParticleSystems":true},"in2DMode":false,"pivot":{"x":0.08546963334083557,"y":1.1904737949371338,"z":0.7930672764778137},"rotation":{"x":-0.1336159110069275,"y":-0.7580543160438538,"z":0.16420142352581025,"w":-0.6168779730796814},"size":0.0751422718167305,"orthographic":false}