{"cameraMode":{"drawMode":0,"name":"Shaded","section":"Shading Mode"},"sceneLighting":true,"audioPlay":false,"sceneViewState":{"showFog":true,"showMaterialUpdate":false,"showSkybox":true,"showFlares":true,"showImageEffects":true,"showParticleSystems":true},"in2DMode":false,"pivot":{"x":42.032405853271487,"y":11.396336555480957,"z":-23.779022216796876},"rotation":{"x":0.11883489787578583,"y":-0.2957354784011841,"z":0.03710641711950302,"w":0.9471229910850525},"size":9.89161491394043,"orthographic":false}