{"cameraMode":{"drawMode":0,"name":"Shaded","section":"Shading Mode"},"sceneLighting":false,"audioPlay":false,"sceneViewState":{"showFog":true,"showMaterialUpdate":false,"showSkybox":false,"showFlares":true,"showImageEffects":true,"showParticleSystems":true},"in2DMode":false,"pivot":{"x":1.392305612564087,"y":0.6731293797492981,"z":-21.3494815826416},"rotation":{"x":-0.0007204621797427535,"y":0.9985427856445313,"z":-0.013790484517812729,"w":-0.052169982343912128},"size":2.551513433456421,"orthographic":false}