{"cameraMode":{"drawMode":0,"name":"Shaded","section":"Shading Mode"},"sceneLighting":false,"audioPlay":false,"sceneViewState":{"showFog":true,"showMaterialUpdate":false,"showSkybox":false,"showFlares":true,"showImageEffects":true,"showParticleSystems":true},"in2DMode":false,"pivot":{"x":-4.659999847412109,"y":0.9900000095367432,"z":4.300000190734863},"rotation":{"x":0.07225142419338227,"y":-0.812646746635437,"z":0.10319500416517258,"w":0.5689778923988342},"size":3.282463312149048,"orthographic":false}