{"cameraMode":{"drawMode":0,"name":"Shaded","section":"Shading Mode"},"sceneLighting":false,"audioPlay":false,"sceneViewState":{"showFog":true,"showMaterialUpdate":false,"showSkybox":false,"showFlares":true,"showImageEffects":true,"showParticleSystems":true},"in2DMode":false,"pivot":{"x":-4.936453819274902,"y":0.7730996608734131,"z":4.1302666664123539},"rotation":{"x":0.034843508154153827,"y":-0.9560602307319641,"z":0.12723955512046815,"w":0.2618110179901123},"size":2.5121078491210939,"orthographic":false}