{"cameraMode":{"drawMode":0,"name":"Shaded","section":"Shading Mode"},"sceneLighting":true,"audioPlay":false,"sceneViewState":{"showFog":true,"showMaterialUpdate":false,"showSkybox":true,"showFlares":true,"showImageEffects":true,"showParticleSystems":true},"in2DMode":false,"pivot":{"x":0.9380946159362793,"y":0.7210392355918884,"z":-1.0134625434875489},"rotation":{"x":0.0848800390958786,"y":0.7945297956466675,"z":-0.1142444908618927,"w":0.5903101563453674},"size":3.5118179321289064,"orthographic":false}