{"cameraMode":{"drawMode":0,"name":"Shaded","section":"Shading Mode"},"sceneLighting":true,"audioPlay":false,"sceneViewState":{"showFog":true,"showMaterialUpdate":false,"showSkybox":true,"showFlares":true,"showImageEffects":true,"showParticleSystems":true},"in2DMode":false,"pivot":{"x":3.4554691314697267,"y":0.027608871459960939,"z":24.153512954711915},"rotation":{"x":0.03681226819753647,"y":0.845011830329895,"z":-0.058664944022893909,"w":0.5302436947822571},"size":4.164166450500488,"orthographic":false}