{"cameraMode":{"drawMode":0,"name":"Shaded","section":"Shading Mode"},"sceneLighting":false,"audioPlay":false,"sceneViewState":{"showFog":true,"showMaterialUpdate":false,"showSkybox":false,"showFlares":true,"showImageEffects":true,"showParticleSystems":true},"in2DMode":false,"pivot":{"x":867.622802734375,"y":88.87025451660156,"z":677.7701416015625},"rotation":{"x":0.049629420042037967,"y":0.08210182934999466,"z":-0.004091243259608746,"w":0.9953791499137878},"size":1383.641357421875,"orthographic":false}